id,produto,quantidade,preço,data
222,programa de masterização,4,200.00,31/10/2023
223,pedais de pitch shifter,3,400.00,01/11/2023
224,kit de gravação para home studio,2,1200.00,02/11/2023
225,suporte para estúdio,6,100.00,03/11/2023
226,microfone direcional,5,250.00,04/11/2023
227,sistema de som surround,2,1500.00,05/11/2023
228,mesa de som para gravação,4,2200.00,06/11/2023
229,cabo de som RCA,3,30.00,07/11/2023
230,pedais de volume,2,150.00,08/11/2023
231,microfone para gravação de voz,1,600.00,09/11/2023
232,kit de fones de ouvido profissional,5,350.00,10/11/2023
233,mesa de som com equalizador,3,1800.00,11/11/2023
234,interface de áudio USB-C,4,500.00,12/11/2023
235,pedais de chorus,2,200.00,13/11/2023
236,suporte para instrumento musical,6,80.00,14/11/2023
237,microfone estéreo,3,350.00,15/11/2023
238,mesa de som compacta,2,1200.00,16/11/2023
239,pedais de wah,4,250.00,17/11/2023
240,interface de áudio Firewire,1,700.00,18/11/2023
241,suporte para guitarra elétrica,6,90.00,19/11/2023
242,microfone dinâmico sem fio,3,800.00,20/11/2023
243,caixa de som Bluetooth resistente,2,500.00,21/11/2023
244,sistema de gravação de áudio,5,3000.00,22/11/2023
245,programa de produção musical,4,400.00,23/11/2023
246,cabo de alto-falante,10,25.00,24/11/2023
247,pedais de flanger digital,3,300.00,25/11/2023
248,microfone de estúdio USB,2,150.00,26/11/2023
249,suporte para amplificador,5,70.00,27/11/2023
250,kit de fones de ouvido sem fio,1,600.00,28/11/2023
251,mesa de som para gravações,4,2000.00,29/11/2023
252,pedais de eco,3,350.00,30/11/2023
253,microfone de lapela profissional,2,250.00,01/12/2023
254,interface de áudio com pré-amplificador,4,800.00,02/12/2023
255,pedais de overdrive digital,5,200.00,03/12/2023
256,sistema de som portátil Bluetooth,2,700.00,04/12/2023
257,cabo de som balanceado,6,40.00,05/12/2023
258,microfone para podcast,1,400.00,06/12/2023
259,teclado controlador USB,3,500.00,07/12/2023
260,suporte para fones de ouvido,4,45.00,08/12/2023
261,mesa de som para estúdio,2,2500.00,09/12/2023
262,pedais de distorção analógica,3,400.00,10/12/2023
263,microfone para gravação de instrumentos,2,300.00,11/12/2023
264,cabo de fone de ouvido de alta qualidade,5,25.00,12/12/2023
265,sistema de monitoramento de estúdio,4,1200.00,13/12/2023
266,programa de edição de vídeo musical,2,500.00,14/12/2023
267,pedais de efeito de modulação,3,200.00,15/12/2023
268,microfone wireless,1,600.00,16/12/2023
269,kit de gravação em casa,5,1500.00,17/12/2023
270,suporte para guitarra acústica,4,80.00,18/12/2023
271,cabo de instrumentação,6,35.00,19/12/2023
272,mesa de gravação digital,2,3000.00,20/12/2023
273,pedais de reverb digital,3,300.00,21/12/2023
274,microfone direcional sem fio,2,500.00,22/12/2023
275,sistema de áudio profissional,1,5000.00,23/12/2023
276,programa de masterização de áudio,4,300.00,24/12/2023
277,suporte para estúdio,3,100.00,25/12/2023
278,cabo de áudio estéreo,5,30.00,26/12/2023
279,pedais de compressão digital,2,400.00,27/12/2023
280,microfone de estúdio condensador,1,700.00,28/12/2023
281,suporte de chão para microfone,3,50.00,29/12/2023
282,caixa acústica para estúdio,2,900.00,30/12/2023
