id,produto,quantidade,preço,data
156,pedestal de altura ajustável,6,90.00,07/06/2023 
157,interface MIDI,3,120.00,08/06/2023
158,suporte para fones de ouvido,8,50.00,09/06/2023 
159,kit de performance ao vivo,2,1100.00,10/06/2023
160,estante de gravação,3,400.00,11/06/2023
161,microfone direcional,3,250.00,31/08/2023 
162,suporte para bateria,2,300.00,01/09/2023 
163,pedais de modulação,5,450.00,02/09/2023 
164,cabo de extensão,6,20.00,03/09/2023 
165,livro de técnicas musicais,4,25.00,04/09/2023 
166,suporte de parede para instrumentos,3,75.00,05/09/2023 
167,caixa acústica passiva,2,800.00,06/09/2023 
168,microfone para gravação em estúdio,2,600.00,07/09/2023 
169,mesa de gravação digital,1,2500.00,08/09/2023 
170,monitoramento de áudio,5,300.00,09/09/2023 
171,interface de gravação MIDI,3,350.00,10/09/2023 
172,pedais de wah-wah,2,200.00,11/09/2023 
173,suporte para instrumentos de sopro,4,90.00,12/09/2023 
174,caixa de som ativa,3,1500.00,13/09/2023 
175,programa de edição de vídeo musical,1,500.00,14/09/2023 
176,kit de som surround,4,1200.00,15/09/2023 
177,teclado eletrónico,5,600.00,16/09/2023 
178,suporte para fones de ouvido,2,40.00,17/09/2023 
179,pedais de efeito analógico,3,300.00,18/09/2023 
180,sistema de gravação sem fio,2,800.00,19/09/2023
181,suporte para caixa acústica,4,150.00,20/09/2023
182,microfone de estúdio,3,700.00,21/09/2023
183,mesa de som para DJ,2,3000.00,22/09/2023
184,pedais de loop,4,400.00,23/09/2023
185,interface de áudio profissional,5,1200.00,24/09/2023
186,kit de proteção para instrumentos,3,60.00,25/09/2023
187,cabo de guitarra,10,40.00,26/09/2023
188,consola de mixagem,1,2500.00,27/09/2023
189,pedais de harmonização,2,500.00,28/09/2023
190,microfone shotgun,3,350.00,29/09/2023
191,caixa de som portátil,4,600.00,30/09/2023
192,sistema de PA profissional,2,4000.00,01/10/2023
193,pedal de compressão,5,200.00,02/10/2023
194,teclado controlador,6,450.00,03/10/2023
195,flauta doce,4,150.00,04/10/2023
196,microfone para karaoke,3,100.00,05/10/2023
197,programa de gravação,2,300.00,06/10/2023
198,suporte para bateria de estudo,1,120.00,07/10/2023
199,cabo de fone de ouvido,5,20.00,08/10/2023
200,mesa de gravação analógica,2,2200.00,09/10/2023
201,pedais de distorção digital,4,450.00,10/10/2023
202,microfone dinâmico,3,120.00,11/10/2023
203,sistema de gravação portátil,2,700.00,12/10/2023
204,kit de fones de ouvido,5,80.00,13/10/2023
205,pedais de overdrive,3,250.00,14/10/2023
206,monitor de referência,4,900.00,15/10/2023
207,suporte para teclado,6,100.00,16/10/2023
208,caixa de som ativa portátil,2,1200.00,17/10/2023
209,microfone de lapela sem fio,1,350.00,18/10/2023
210,teclado de arranjo,3,500.00,19/10/2023
211,programa de edição de áudio,4,150.00,20/10/2023
212,cabo de patch,8,15.00,21/10/2023
213,suporte de chão para instrumentos,2,75.00,22/10/2023
214,pedais de flanger,4,300.00,23/10/2023
215,kit de som portátil,3,1000.00,24/10/2023
216,microfone cardioide,5,400.00,25/10/2023
217,mesa de som com efeitos,2,2000.00,26/10/2023
218,interface de gravação MIDI,4,350.00,27/10/2023
219,pedais de equalização,3,150.00,28/10/2023
220,suporte para caixa de som,2,90.00,29/10/2023
221,microfone sem fio,1,800.00,30/10/2023
