id,produto,quantidade,preço,data
89,mesa de som digital,2,1500.00,01/04/2023
90,consola de DJ,3,2500.00,02/04/2023
91,caixa de som portátil,5,399.00,03/04/2023
92,iluminação LED,4,350.00,04/04/2023
93,estúdio de gravação,1,12000.00,05/04/2023
94,softwares de edição de áudio,6,250.00,06/04/2023
95,filtro de pop,10,85.00,07/04/2023
96,monitor de estúdio,3,1200.00,08/04/2023
97,pedal de efeito,4,250.00,09/04/2023
98,suporte para teclado,5,150.00,10/04/2023
99,capa para guitarra,6,99.00,11/04/2023
100,cabo para instrumento,7,59.00,12/04/2023
101,tripé para microfone,8,120.00,13/04/2023
102,metronomo,4,40.00,14/04/2023
103,afinação eletrônica,2,99.00,15/04/2023
104,livro de partituras,5,30.00,16/04/2023
105,estante de partituras,6,55.00,17/04/2023
106,encordoamento para violão,3,35.00,18/04/2023
107,cordas para guitarra,12,20.00,19/04/2023
108,apito para maestro,15,12.00,20/04/2023
109,caixa de som bluetooth,2,300.00,21/04/2023
110,pedestal para instrumento,3,150.00,22/04/2023
111,tablet musical,4,600.00,23/04/2023
112,microfone condensador,2,800.00,24/04/2023
113,mesa de gravação,3,650.00,25/04/2023
114,sintetizador,4,4000.00,26/04/2023
115,interface de audio,5,750.00,27/04/2023
116,caixa acústica ativa,4,1500.00,28/04/2023
117,flauta doce,6,90.00,29/04/2023
118,kit de manutenção para instrumentos,8,45.00,30/04/2023
119,suporte para flauta,10,70.00,01/05/2023
120,mesa de som analógica,2,3000.00,02/05/2023
121,mesa de mixagem,3,1800.00,03/05/2023
122,suporte para microfone,4,100.00,04/05/2023
123,cabo XLR,5,45.00,05/05/2023
124,amplificador de som,2,2000.00,06/05/2023
125,pedal de distorção,4,300.00,07/05/2023
126,conector TRS,6,10.00,08/05/2023
127,pedestal para guitarra,3,70.00,09/05/2023
128,microfone dinâmico,5,150.00,10/05/2023
129,suporte para violão,4,40.00,11/05/2023
130,estojo para instrumentos,2,150.00,12/05/2023
131,pedaleira de efeitos,1,1200.00,13/05/2023
132,sistema de PA,2,3500.00,14/05/2023
133,monitor de áudio portátil,3,700.00,15/05/2023
134,kit de palhetas,10,20.00,16/05/2023
135,caixa de som estéreo,4,600.00,17/05/2023
136,headphone fechado,5,180.00,18/05/2023
137,microfone para smartphone,6,90.00,19/05/2023
138,programa de edição,2,150.00,20/05/2023
139,filtro de ruído,4,25.00,21/05/2023
140,suporte para teclados,3,75.00,22/05/2023
141,mesa de som compacta,2,800.00,23/05/2023
142,kit de bateria eletrônica,1,4500.00,24/05/2023
143,programa de composição musical,5,100.00,25/05/2023
144,suporte para microfones,3,50.00,26/05/2023
145,extensão de microfone,6,15.00,27/05/2023
146,consola para DJ,2,2800.00,28/05/2023
147,kit de manutenção para guitarra,4,30.00,29/05/2023
148,pedais de loop,3,450.00,30/05/2023
149,suporte para bateria,4,120.00,31/05/2023
150,cabo de alimentação,10,20.00,01/06/2023
151,mesa de gravação digital,1,2500.00,02/06/2023
152,sistema de microfone sem fio,2,1500.00,03/06/2023
153,suporte de parede para violão,5,45.00,04/06/2023
154,kit de gravação caseiro,3,600.00,05/06/2023
155,monitoramento de áudio,4,300.00,06/06/2023
